title,video_url,label,label_desc,channel
Artificial breeding of freshwater fish,https://www.youtube.com/watch?v=mbcvOs2fxHQ,2,Entertainment,QuirkLab
The scientist invented an extremely dangerous biological weapon.,https://www.youtube.com/watch?v=e2IcpyB_6Z4,2,Entertainment,Wave Pulse
AKTU New UpdateğŸ”¥AKTU à¤•à¤¾ à¤¬à¤¡à¤¼à¤¾ à¤…à¤ªà¤¡à¥‡à¤Ÿ! à¤¸à¤­à¥€ Students à¤•à¥‹ à¤®à¤¿à¤²à¤¾ à¤¨à¤¯à¤¾ Official Email ID ğŸ“§ | à¤ªà¥‚à¤°à¥€ à¤œà¤¾à¤¨à¤•à¤¾à¤°à¥€ |,https://www.youtube.com/watch?v=b6E4o21EEeA,5,News,BSP Pharmacy
Yaar naa miley (slowed+reverb),https://www.youtube.com/watch?v=ULXxuZRIoNQ,3,Music,Pradabae
interrupt handling | interrupt request | Hindi | Lec-52 | COA | Niharika Panda,https://www.youtube.com/watch?v=IrSQWHgscfY,1,Learning,Education 4u - Hindi
Cataract Eye Surgery (3D Animation,https://www.youtube.com/watch?v=TJI_oeAMw7s,2,Entertainment,pet.cottage_1017
DAA | DAA BCS-503  Unit-2  Paper-solution (2021 - 2025)| Aktu Exam | 3rd Year | DAA PYQ Solution,https://www.youtube.com/watch?v=uW-w2gWfSUI,1,Learning,Multi Atoms Plus
Data Science for Engineers - Introduction,https://www.youtube.com/watch?v=XohgKT13FKY,1,Learning,Data Science for Engineers IITM
ğŸ¤– AI Gen Day 1 â€“ Build a Text Summarizer App with Python | Hugging Face Transformers ğŸš€,https://www.youtube.com/watch?v=z_PAp6Jwow8,1,Learning,AI & Code with Suresh
Kabhii Tumhhe (Lofi Flip) - VIBIE | Darshan Raval | Javed-Mohsin,https://music.youtube.com/watch?v=z41EYpPFa9Q,3,Music,VIBIE
Floating Point Number Representation in IEEE 754 in Hindi | COA Lectures,https://www.youtube.com/watch?v=T_Wxrp-2DZQ,1,Learning,Last moment tuitions
How to FIND and DOWNLOAD Research Papers for FREE? Best Websites & Tutorial,https://www.youtube.com/watch?v=hrW4LHIRJoo,6,Others,Yash Mittra - YMGrad
Sabke Samne Use Sharm Aati Hai | Par Jeena Hoga | Very Heart Touching Scene #shorts,https://www.youtube.com/watch?v=AlNc5z6iYPQ,2,Entertainment,SCROLL WITH TARU
Master CASE Statement with This Classic SQL Interview Question,https://www.youtube.com/watch?v=L8OlLgeHDuI,1,Learning,Sumit Mittal
https://www.youtube.com/watch?v=Fj98Lhg-7NQ,https://www.youtube.com/watch?v=Fj98Lhg-7NQ,6,Others,Unknown
How to Clean Any Liquid,https://www.youtube.com/watch?v=4sDC86MiFlM,2,Entertainment,JayFindsThings
"""Jackson Wang reveals Korean  skincares ecret #podcast #jackson #trendingshorts #youtubeshort #short",https://www.youtube.com/watch?v=NCBzwzje23g,2,Entertainment,Jd x Creator
The Ultimate All-in-One Face Fix Routineï½œJust 5-Minute Everydayï½œBalancing Facial Asymmetry,https://www.youtube.com/watch?v=oJIk2PyukjY,6,Others,HisDream
"Tera Fitoor Lyrical - Genius | Utkarsh Sharma, Ishita Chauhan | Arijit Singh | Himesh Reshammiya",https://www.youtube.com/watch?v=qfdShSZZxlg,3,Music,Tips Official
How To Use The NEW FAB Unreal Engine Plugin! (Tutorial),https://www.youtube.com/watch?v=j7hYFC9FDzY,1,Learning,Smart Poly
Tere Te (Slowed by MVK),https://www.youtube.com/watch?v=uA3H3eIxYeo,3,Music,Maverick Reverbz
https://www.youtube.com/watch?v=B7SSZrWK1YE,https://www.youtube.com/watch?v=B7SSZrWK1YE,6,Others,Unknown
time to #bath #pets,https://www.youtube.com/watch?v=lLun6LpqTqI,2,Entertainment,ahmed jaelani
bagad Billa comedy video ğŸ˜‚ğŸ˜‚,https://www.youtube.com/watch?v=Heh3CfSfFgg,2,Entertainment,bagad Billa
Hide And Seek Challenge ğŸ¤¯,https://www.youtube.com/watch?v=J2FHnhoefCM,2,Entertainment,imDyl
The Nuclear Accident That Should Never Have Happened #NuclearAccident ##YouTubeShorts #history,https://www.youtube.com/watch?v=hHvWlgGQ1BI,2,Entertainment,GivesmetheCreeps
Ara Ke Othlali Mein - Slowed And Reverb | Pawan Singh New Song #pawansingh,https://www.youtube.com/watch?v=MHQ7YSO28ZY,3,Music,Lofi Roxx
Quantum Computing:  Breaking Cryptography Using Shor's Factoring Algorithm,https://www.youtube.com/watch?v=FgH4tRplgyw,1,Learning,Advanced Maths
PROTECTION ğŸ›¡ï¸,https://www.youtube.com/watch?v=6_NE8_7E-Fs,2,Entertainment,F1 LAB
6.8 Problem Solving on Regular Grammar | Important PYQs on Regular Grammar | Theory of Computation,https://www.youtube.com/watch?v=9JtmTDrMUZU,1,Learning,KnowledgeGATE by Sanchit Sir
Lec-18: Eliminate Epsilon Îµ-moves | Conversion from epsilon nfa to nfa,https://www.youtube.com/watch?v=K2qy4af98ys,1,Learning,Gate Smashers
à¤œà¤¬ inexperienced à¤®à¤¾à¤‚ duck ğŸ¦† à¤•à¤¾ anda à¤Ÿà¥‚à¤Ÿ jaata hai à¤¤à¤¬ owner à¤Ÿà¥‚à¤Ÿà¥‡ à¤…à¤‚à¤¡à¥‡ ğŸ¥š à¤•à¥‹ kese hatch ğŸ£ à¤•à¤°à¤¤à¤¾ à¤¹à¥ˆ?ğŸ¥º,https://www.youtube.com/watch?v=jnskaEzWm14,2,Entertainment,Starfactz
What Happens After You Die ğŸ˜± Doctor Reacts,https://www.youtube.com/watch?v=GWwkVFz4XZw,2,Entertainment,Dr. Michael Gartner FACS Plastic Surgeon
Palat tera hero idhar hai (slowed+reverb),https://www.youtube.com/watch?v=KesJVN7wGNk,3,Music,ğ™ğ™£ğ™ğ˜½ğ™–ğ™š
Fuzzy Logic in Artificial Intelligence with Example | Artificial Intelligence,https://www.youtube.com/watch?v=vof2vhfqoBo,1,Learning,Gate Smashers
Design DFA to accept all Binary Strings which are divisible by 5 ( Five ) || Theory of computation,https://www.youtube.com/watch?v=TF0akMqRm4o,1,Learning,Sudhakar Atchala
NowadaysğŸ˜,https://www.youtube.com/watch?v=q3Zknaz0zzw,2,Entertainment,Ukmemes
Tujhse Preet Lagi Hai Radhe,https://music.youtube.com/watch?v=TAojAzsWlMA,3,Music,Krishna Chaturvedi - Topic
TEMPORARY PYAR ||    KAKA  ( SLOWED + REVERB )   ANJALI ARORA........,https://www.youtube.com/watch?v=7G4Owbn4zFc,3,Music,GAURANG LOFI
I made a Frankenstein dragon fruit plantâ€¦,https://www.youtube.com/watch?v=WFoNeUjL5rI,2,Entertainment,Epic Gardening
https://www.youtube.com/watch?v=j0fczx8LAcE,https://www.youtube.com/watch?v=j0fczx8LAcE,6,Others,Unknown
ğŸš€ Apache Kafka Crash Course With Spring Boot 3.0.x | @Javatechie,https://www.youtube.com/watch?v=c7LPlWvxZcQ,1,Learning,Java Techie
Piya Ji Ke Muski - Slowed and Reverb,https://www.youtube.com/watch?v=meaWisz1hz0,3,Music,Bhojpuri Lo-fi Music
Nonstop Kajal Raghwani Hit 8D Songs | USE HEADPHONES | HQ,https://www.youtube.com/watch?v=qkqGElCXFVI,3,Music,Radheshyam EditZ
à¤†à¤¦à¤®à¥€ à¤•à¥‡ à¤¶à¤°à¥€à¤° à¤…à¤¬ à¤•à¥€à¥œà¥‡ à¤¨à¥‡ à¤•à¤¬à¥à¤œà¤¾ à¤•à¤° à¤²à¤¿à¤¯à¤¾ à¤¥à¤¾ ğŸ˜±,https://www.youtube.com/watch?v=W3jkmlPnICE,2,Entertainment,CINEMA à¤¸à¤‚à¤¸à¥à¤•à¥ƒà¤¤à¤¿
TWITTER SENTIMENT ANALYSIS (NLP) | Machine Learning Projects | GeeksforGeeks,https://www.youtube.com/watch?v=4YGkfAd2iXM,1,Learning,GeeksforGeeks
"Lec-45: Find Range, Network Id, Host, Broadcast address with Numerical Examples in Hindi",https://www.youtube.com/watch?v=vTzrn_M77mo,1,Learning,Gate Smashers
How to create Multiple User Accounts in Windows 11,https://www.youtube.com/watch?v=ynxjtesE3cw,6,Others,Torogi Pro
https://www.youtube.com/watch?v=s6AscMtCJmY,https://www.youtube.com/watch?v=s6AscMtCJmY,6,Others,Unknown
Moore's Law is Dead â€” Welcome to Light Speed Computers,https://www.youtube.com/watch?v=wBqfzj6CEzI,5,News,Jason Carman
3D Printed Nike Panda Dunk Low,https://www.youtube.com/watch?v=m6xiOkoKYos,2,Entertainment,MIND 2 MAKE
Can an OS Be THIS Beautiful and THIS Powerful? Exodia OS Is a Hackerâ€™s Dream!,https://www.youtube.com/watch?v=zs4gss-bNaE,2,Entertainment,Bekirov
"Jaane Na Tu (From ""UR Debut"")",https://music.youtube.com/watch?v=XODpZTjQKl8,3,Music,Bhoomi - Topic
"â€˜à¤®à¥‡à¤°à¥€ à¤µà¤¾à¤‡à¤« à¤•à¥‹ à¤•à¥‹à¤ˆ à¤¹à¥‹à¤Ÿà¤² à¤²à¥‡ à¤œà¤¾à¤, à¤®à¥à¤à¥‡ à¤¬à¤°à¥à¤¦à¤¾à¤¶à¥à¤¤ à¤¨à¤¹à¥€à¤‚...' Varanasi à¤•à¥‡ à¤°à¤¾à¤¹à¥à¤² à¤¨à¥‡ à¤¦à¥‡ à¤¦à¥€ à¤œà¤¾à¤¨ | Rahul Mishra",https://www.youtube.com/watch?v=MVDkKSi2sIQ,2,Entertainment,IBC24 Digital
How Databases Actually Store Your Data (B-Trees vs LSM Trees Explained),https://www.youtube.com/watch?v=Q9xD4J3tezw,1,Learning,ByteMonk
https://www.youtube.com/watch?v=w_Xi3sofAug,https://www.youtube.com/watch?v=w_Xi3sofAug,6,Others,Unknown
Webhooks for Beginners â€“ From Polling to Realâ€‘Time Events,https://www.youtube.com/watch?v=bXY7899m6M8,1,Learning,Ctrl Alt Explain
AKTU Exams #multiatoms #aktu #aktuexams,https://www.youtube.com/watch?v=8U_6lv3XpQY,5,News,Multi Atoms Plus
"GURU RANDHAWA - ""AZUL"" MV (16D Audio ""Not 8D"") | Ni Botel Azul Diye | Latest | ğŸ§ Use Headphone ğŸ§",https://www.youtube.com/watch?v=wb1gnovJAis,3,Music,ROYAL JAAT â™ª
Lutt Putt Gaya,https://music.youtube.com/watch?v=flsxs6DSf4s,3,Music,Arijit Singh - Topic
In Vietnam Cakes Are Made From Rice,https://www.youtube.com/watch?v=nyAPxnbL-BI,2,Entertainment,Be Yourself.
Chinta ta ta chita chita ğŸ˜€ğŸ¥° #shorts #viral #trending,https://www.youtube.com/watch?v=yjCo0S2FuEk,3,Music,Mehta Shorts And Vlogs
Shor's Algorithm â€” Programming on Quantum Computers â€” Coding with Qiskit S2E7,https://www.youtube.com/watch?v=EdJ7RoWcU48,1,Learning,Qiskit
Ollama Masterclass 2026: Run Powerful Local LLMs with Ollama (3-Hour Full Course) | CampusX,https://www.youtube.com/watch?v=YcAYmIFtA0o,1,Learning,CampusX
"Dhun Song | Saiyaara | Ahaan Panday, Aneet Padda | Mithoon | Arijit Singh",https://www.youtube.com/watch?v=cUmUOb7j3dc,3,Music,YRF
L-2.8: Pre-emptive Priority  Scheduling Algorithm with  Example | Operating System,https://www.youtube.com/watch?v=rsDGfFxSgiY,1,Learning,Gate Smashers
NIRA ISHQ : GURI (Official Song) Satti Dhillon | Romantic Song | GK Digital |  Geet MP3,https://www.youtube.com/watch?v=VO7Vu207-e8,3,Music,Geet MP3
Lec-101: Insertion in B-Tree with example in Hindi,https://www.youtube.com/watch?v=YUtUNlLNB5c,1,Learning,Gate Smashers
"L-3.8: Semaphores | Wait, Signal Operation | Counting Semaphore | Example| Operating system",https://www.youtube.com/watch?v=eoGkJWgxurQ,1,Learning,Gate Smashers
How women get addicted to men without even realizing it,https://www.youtube.com/watch?v=6zOvguD40cw,2,Entertainment,Psychfeelings 
Quantum Computing Course: 3.6 Quantum Fourier Transform,https://www.youtube.com/watch?v=svSxHaDYHC0,1,Learning,Quantum Soar
à¤µà¤¹ à¤°à¤¾à¤•à¥à¤·à¤¸ à¤œà¤¿à¤¸à¥‡ à¤­à¤—à¤µà¤¾à¤¨ à¤µà¤¿à¤·à¥à¤£à¥ à¤­à¥€ à¤ªà¤°à¤¾à¤¸à¥à¤¤ à¤¨à¤¹à¥€à¤‚ à¤•à¤° à¤ªà¤¾à¤à¥¤ğŸ˜±,https://www.youtube.com/watch?v=0jGarnv_zXU,2,Entertainment,Sanatan Gatha
Learn Apache Kafka in 90 Minutes ğŸ”¥ For Beginners [HINDI],https://www.youtube.com/watch?v=QI5WRCdp0vs,1,Learning,M Prashant
Mortals Funk Remix (Slowed),https://www.youtube.com/watch?v=FxW4M5UpbJE,3,Music,Warriyo - Topic
Loyalty Test  #motivation,https://www.youtube.com/watch?v=dby0mOdx-7Y,2,Entertainment,Bold Vision 101
"Haseeno Ka Deewana Full Video Song | Kaabil | Hrithik Roshan, Urvashi Rautela | Raftaar & Payal Dev",https://www.youtube.com/watch?v=ldy17W1xi-c,3,Music,T-Series
Bulleya [Slowed + Reverb] - Arijit singh || Tor Mond,https://www.youtube.com/watch?v=XxNc1EwYhKs,3,Music,Tor Mond
Hello World | Coding with Qiskit 1.x | Programming on Quantum Computers,https://www.youtube.com/watch?v=93-zLTppFZw,1,Learning,Qiskit
DE || BOE310 || All Units Important Questions || à¤…à¤¨à¥à¤¤à¤¿à¤® à¤ªà¥à¤°à¤¹à¤¾à¤° à¤¶à¥à¤°à¤‚à¤–à¤²à¤¾ || AKTU Syllabus,https://www.youtube.com/watch?v=Y3ckSncIIc0,1,Learning,EduRudram Success Classes Technical Education 
The Walnut Secret Camera ğŸ“¸ #tweening,https://www.youtube.com/watch?v=3vKEPQVKWhU,2,Entertainment,How Itâ€™s Produced
Roadmap to Mobile Development with a mini project,https://www.youtube.com/watch?v=HihtPkCWdNw,1,Learning,Chai aur Code
ğŸ“ Lucknow University Entrance Exam Result 2025 OUT! | Whatâ€™s Next? Process & College ListğŸ”ğŸ“‹,https://www.youtube.com/watch?v=xAePrIruRiU,5,News,LU Update
A father and his daughter are left trapped in a car crash./ğŸ¬9-1-1: Lone Star Season 2/#film #edit,https://www.youtube.com/watch?v=ZWI5fGK0qhQ,2,Entertainment,Dark Movie
Tu Mera Hero,https://music.youtube.com/watch?v=TR3Ifjpf7W8,3,Music,Mika Singh - Topic
The Fastest Way to Learn Coding No Hype #coding #learncoding #webdev,https://www.youtube.com/watch?v=c1snWBq2PBU,2,Entertainment,Moteeullah Azmi
What is CONSISTENT HASHING and Where is it used?,https://www.youtube.com/watch?v=zaRkONvyGr8,1,Learning,Gaurav Sen
Avg Bihari IITian!! ğŸ’€ğŸ’€ | Engineerzzz | IIT Delhi | #iit #jee2025 #jeeadvanced,https://www.youtube.com/watch?v=ryPmV5lSVLI,5,News,engineerzzz
"O Khuda (8D AUDIO) Amaal Mallik, Palak Muchhal | Hero | O Khuda Bata de kya lakreeron mein likha",https://www.youtube.com/watch?v=AOntGlGsnzA,3,Music,8D MUSIX
"Vele Full Video - SOTY|Sidharth Malhotra,Varun Dhawan|Vishal Dadlani,Shekhar Ravjiani",https://www.youtube.com/watch?v=kNlY7VKDdno,3,Music,SonyMusicIndiaVEVO
"Viewed In Bali with the super smart, super awesome, InterviewReady team!

We had dreamed of having an outing here in 2022. 

Finally, it's happened.
To many more ğŸŠğŸš€",https://www.youtube.com/post/UgkxqXJTQP9CAiEEsz8iJZLVWADun9CVDouN,5,News,Gaurav Sen
Shri Krishan Govind Hare Murari | Mahabharat | #shorts #krishna #viral,https://www.youtube.com/watch?v=TV9wd27Gzos,3,Music,Pankhuri Chaubey
One Love,https://music.youtube.com/watch?v=1FdMm_O7it8,3,Music,Shubh - Topic
Minimization of DFA (With Multiple Final States),https://www.youtube.com/watch?v=DV8cZp-2VmM,1,Learning,Neso Academy
Quick share kaise use kare 2025 !! Quick share se file transfer kaise kare !! Quick share kya hai,https://www.youtube.com/watch?v=aluNEx4NUa4,5,News,Hindi Android Tips
Shree Venkatesha Mangalashasanam,https://music.youtube.com/watch?v=CCJams4jRyA,3,Music,G. Gayathri Devi - Topic
"Bulleya Sultan (Slow+Reverb) | Salman Khan, Anushka Sharma | Papon | Vishal&Shekhar | Irshad Kamil",https://www.youtube.com/watch?v=Ch17b7UUbZE,3,Music,slow and reverb edition
Chhote Chhote Peg (Video) | Yo Yo Honey Singh | Neha Kakkar | Navraj Hans | Sonu Ke Titu Ki Sweety,https://www.youtube.com/watch?v=xvYBg6MWPbM,3,Music,T-Series
Track Phone Number Location Using Python | Python Projects for Beginners | Simplilearn,https://www.youtube.com/watch?v=DY4M9bAVyUc,1,Learning,Simplilearn
Insane - AP Dhillon Song | Slowed And Reverb Lofi Mix,https://music.youtube.com/watch?v=XL_S9GmQm2M,3,Music,Indian Slowed And Reverb
Gani (Official Video) | Akhil Feat Manni Sandhu | Latest Punjabi Song 2016 | Speed Records,https://www.youtube.com/watch?v=FNxD8nRCCms,3,Music,Speed Records
CFG to PDA Conversion || Equivalence of CFG and PDA || TOC,https://www.youtube.com/watch?v=G8L4w3suwU4,1,Learning,THE GATEHUB
Your Terminal is Boringâ€¦ Fix It,https://www.youtube.com/watch?v=z3NpVq-y6jU,6,Others,SleepyCatHey
Mortals Funk Remix (Slowed),https://music.youtube.com/watch?v=FxW4M5UpbJE,3,Music,Warriyo - Topic
EXCHANGE | Songs that make you feel like Sung Jinwoo | Solo Leveling,https://www.youtube.com/watch?v=peUOtF9T8kU,3,Music,Epic Music World
Players,https://music.youtube.com/watch?v=0K0sX6_wt_0,3,Music,Badshah - Topic
What Is Engine Braking? | How To Do Engine Braking In Motorcycle? | à¤¬à¤¾à¤‡à¤• à¤®à¥‡à¤‚ à¤‡à¤‚à¤œà¤¨ à¤¬à¥à¤°à¥‡à¤•à¤¿à¤‚à¤— à¤•à¥ˆà¤¸à¥‡ à¤•à¤°à¥‡?,https://www.youtube.com/watch?v=alL60skSAkk,5,News,MECHANICAL TECH HINDI
Cheat #tweetreels#aesthetic#lofichill#brokenheart#sadquotes#sad#lofimusic#thoughts#aestheticstatus,https://www.youtube.com/watch?v=guKVw8Y2vWo,6,Others,DEV EDITZX 
ğ…ğ‘ğ„ğ’ğ‡ğ„ğ‘'ğ’ ğ‰ğšğ¯ğšğ¬ğœğ«ğ¢ğ©ğ­ ğˆğ§ğ­ğğ«ğ¯ğ¢ğğ° ğğ¨-ğŸ,https://www.youtube.com/watch?v=wfsZtTruZQY,1,Learning,ReactJS Developer Interview Series 
How Sockets Actually Work â€“ From Your Browser to the Backend âš™ï¸,https://www.youtube.com/watch?v=NvZEZ-mZsuI,1,Learning,ByteMonk
How Elite Assassins Assemble a Sniper Rifle.#movie #film,https://www.youtube.com/watch?v=oKsQe1l_Srw,2,Entertainment,Owl view
MERE BINA | @KSHMRmusic | The PropheC | @TalhaAnjum  | Official Audio | #Karam,https://music.youtube.com/watch?v=jcPC7AHQMKs,3,Music,The PropheC
SAFAR (Official Video) Juss x MixSingh,https://music.youtube.com/watch?v=LsUdoy7EH7M,3,Music,MixSingh
Dil Ne Ye Kaha Hai Dil Se,https://music.youtube.com/watch?v=COXzWfaMuHg,3,Music,JalRaj - Topic
the STRONGEST thermal paste pattern #shorts,https://www.youtube.com/watch?v=UZvufSrNlaU,2,Entertainment,mryeester
"Soni Soni (From ""Ishq Vishk Rebound"")",https://music.youtube.com/watch?v=y8vwzo8AgXU,3,Music,Darshan Raval - Topic
These 3D sounds will trick your brain (seriously),https://www.youtube.com/watch?v=ZzuEailr03g,2,Entertainment,3D Sound Studio
"Dhoonde Akhiyaan - Full Video | Jabariya Jodi | Sidharth Malhotra, Parineeti C | Yasser & Altamash",https://www.youtube.com/watch?v=8WGJV2N08eQ,3,Music,Zee Music Company
Nonstop Bhojpuri ğŸ˜ˆ lofi Song | With Lofi ğŸ§š Slow Reverb | New â¤ï¸ Bhojpuri Lofi Songs 2025 ||,https://www.youtube.com/watch?v=BVi5GgKhp6c,3,Music,BINOD LOFI MUSIC 
Lost Sky - Fearless pt.II (feat. Chris Linton) | Trap | NCS - Copyright Free Music,https://music.youtube.com/watch?v=S19UcWdOA-I,3,Music,NoCopyrightSounds
4 bit Adder Subtractor: Circuit Design and Logic Explained Explained,https://www.youtube.com/watch?v=8w1yDlDCA6Q,1,Learning,Engineering Funda
TAFL I UNIT-4 I One Shot Revision I Push Down Automata and Properties of Context Free LanguagesIAKTU,https://www.youtube.com/watch?v=i8ZgZdQDPEM,1,Learning,GateWay Classes
Khaab,https://music.youtube.com/watch?v=-N9-GPJ38PI,3,Music,Akhil - Topic
We Used a DARK WEB Dating Site!,https://www.youtube.com/watch?v=0c-4GWHpUTc,5,News,LuxuryDark
Power Saver,https://www.youtube.com/watch?v=2y37pBh7NaM,2,Entertainment,Unknown
Safar (Lo-fi),https://music.youtube.com/watch?v=BSv-b3m1udI,3,Music,Juss - Topic
California Love,https://music.youtube.com/watch?v=eD8lmkBCma4,3,Music,Cheema Y - Topic
For A Reason,https://music.youtube.com/watch?v=cWIGUPQqnSk,3,Music,Karan Aujla - Topic
L-5.3: 0/1 Knapsack Problem |Dynamic Programming |Recursive Equation |Recursion Tree Time Complexity,https://www.youtube.com/watch?v=i8NqAEsZn54,1,Learning,Gate Smashers
The Trick Worked Flawlessly!(@fori.banevski),https://www.youtube.com/watch?v=Kg1gpUUC5nA,2,Entertainment,Flexy
Context Free Grammar and Context Free Language Introduction | CFG | CFL | VTPS | UNIT 3 | AKTU | TOC,https://www.youtube.com/watch?v=gUO8e4zIImo,1,Learning,Learn CS with Arshi
Gora Gora Rang Mashup | Ft. Sonam Bajwa | Bohemia x Imran Khan | Naresh Parmar | Punjabi Song 2024,https://music.youtube.com/watch?v=J9mX_YcxVVw,3,Music,Naresh Parmar
He's Scrubbing His Tattoo for 290 Days To Remove It ğŸ˜± (@Armbrusher),https://www.youtube.com/watch?v=iyBelTrH9R4,2,Entertainment,Pro Yapper
This is a wonderful piece of work.#fyp#shorts #foryou#movie#tiktok,https://www.youtube.com/watch?v=ICa_oY_Io90,2,Entertainment,MM135
The Greatest Design System I've Ever Used,https://www.youtube.com/watch?v=61Z2jLH4yGU,1,Learning,AI LABS
FUFUSQUISHY ASMR ğŸ£ğŸ£Chicks,https://www.youtube.com/watch?v=scIBD-_X84I,2,Entertainment,FuFu Squishy
Pawan Singh - Sorry Sorry (slowed & reverb),https://www.youtube.com/watch?v=Onj6VEMS98E,3,Music,KoFu muZiK
She Can't Feel Pain | House M.D,https://www.youtube.com/watch?v=zRD0GpFgVbk,2,Entertainment,House M.D.
"I threw her against the wall, and--#shorts",https://www.youtube.com/watch?v=86W2HFnpS8Y,2,Entertainment,ShortCuts
Java Testing with Selenium Course,https://www.youtube.com/watch?v=QQliGCtqD2w,1,Learning,freeCodeCamp.org
à¤®à¥ˆà¤‚ à¤¹à¥‚à¤ à¤•à¤²à¥à¤•à¤¿ à¤…à¤µà¤¤à¤¾à¤° #iitbaba #viralbaba #iitbombay #iit #yourubeshorts #shortsviral #mahakumbh2025,https://www.youtube.com/watch?v=NTaEkazjZGM,2,Entertainment,NewScoop
Shree Vishnu Dhyanam,https://www.youtube.com/watch?v=b2jhpsz4aw4,3,Music,G. Gayathri Devi - Topic
Blockchain Developer Roadmap 2025 | Code Eater | Hindi,https://www.youtube.com/watch?v=ixXDUqQtHtk,1,Learning,Code Eater
Eternal Island Makes You Immortalâ€”But You Can NEVER Leave!,https://www.youtube.com/watch?v=DZBBMEkWESQ,2,Entertainment,MystSolved
He Has One Job And Thatâ€™s It! (ğŸ“¸: 3dgeofreason),https://www.youtube.com/watch?v=UDGIks6itqA,2,Entertainment,ArS
Maltose Syrup: From Sprouted Malt to Sweet Treat,https://www.youtube.com/watch?v=Qr5otnJsX8k,2,Entertainment,WonderBites
Insane,https://music.youtube.com/watch?v=5DlJJbkXQe0,3,Music,AP Dhillon - Topic
How Buster Keaton did this crazy stunt in 1924 ğŸ¤¯,https://www.youtube.com/watch?v=_83ImgNgzvc,2,Entertainment,Lost in Time
O Maahi,https://music.youtube.com/watch?v=qnQCd_nZn_g,3,Music,Arijit Singh - Topic
AKTU FINAL  DATE SHEET I PHASE-II  Practical Exam ?,https://www.youtube.com/watch?v=d4w960pl7Hs,5,News,GateWay Classes
Maula,https://music.youtube.com/watch?v=91qOfnv_310,3,Music,Papon - Topic
DAA | DAA BCS-503  Unit-5  Paper-solution (2021 - 2025)| Aktu Exam | 3rd Year | DAA PYQ Solution,https://www.youtube.com/watch?v=qPA98ztedvE,1,Learning,Multi Atoms Plus
This man broke the European triathlon record!ğŸƒâ€â™‚ï¸ğŸŠâ€â™‚ï¸ğŸš´â€â™‚ï¸ #shorts #movie #video,https://www.youtube.com/watch?v=YvbG5Hi3FLY,2,Entertainment,Wolf Meroy
Love is redemption and forgiveness. #movie #film #movieclips,https://www.youtube.com/watch?v=QwihRLN7K3U,2,Entertainment,FrameTalk
The God ParticleğŸ˜µâ€ğŸ’«: The Key That Unlocks the Universe,https://www.youtube.com/watch?v=Sz8bqmk_Ipo,2,Entertainment,Prophase 
mr bean math teacherğŸ‘©â€ğŸ«â€ #education #alberteinstine #maths #knowledge,https://www.youtube.com/watch?v=srNGwfTKi5Y,2,Entertainment,sigma ytr
L-2.1: What is Recurrence Relation| How to Write Binary Search Recurrence Relation|How we Solve them,https://www.youtube.com/watch?v=NW-naslChdo,1,Learning,Gate Smashers
"Hookah Bar (From ""Khiladi 786"")",https://music.youtube.com/watch?v=rCwnaOQJoms,3,Music,Himesh Reshammiya - Topic
CALIFORNIA LOVE (Official Video) Cheema Y | Gur Sidhu | Punjabi Song 2023,https://music.youtube.com/watch?v=rSxTumD4kew,3,Music,Brown Town Music
Gani,https://music.youtube.com/watch?v=pTJ-bzlM2z0,3,Music,Akhil - Topic
Kamariya {slowed + Reverd},https://www.youtube.com/watch?v=WyXE62gCfzg,3,Music,its_akshansh.9_
Lec- 1.1 | Web Technology Unit-1 | BCS-502 | Web Technology Aktu | Aktu Exams | WT 3rd  Year,https://www.youtube.com/watch?v=BmkH_-Fm5-U,1,Learning,Multi Atoms Plus
How to update date of birth in Aadhaar card in 2025: Step-by-step process  âœ…,https://www.youtube.com/watch?v=K5dhFmLkdho,5,News,Digit Hindi
IQIS Lecture 3.4 â€” Bell states,https://www.youtube.com/watch?v=jWzTMtFiG8k,1,Learning,Artur Ekert
8 Year Old Kid Shocked BGTğŸ’¯â¤ï¸ğŸ¥µ,https://www.youtube.com/watch?v=GWHFVBIvfYs,2,Entertainment,âš¡ GlitchNebulaX âš¡
Ishqan De Rog,https://music.youtube.com/watch?v=aLcjxFDoDhk,3,Music,Deep Chambal - Topic
L-2.1: What is Addressing Mode | Various Types of Addressing Modes | COA,https://www.youtube.com/watch?v=_CH4cm5PhK8,1,Learning,Gate Smashers
"Dhun Song | Saiyaara | Ahaan Panday, Aneet Padda | Mithoon | Arijit Singh",https://www.youtube.com/watch?v=cUmUOb7j3dc,3,Music,YRF
Kya baat ay (slowed+reverb),https://www.youtube.com/watch?v=ySMuUGSA_Xo,3,Music,Pradabae
Why Quantum Algorithms? â€” Programming on Quantum Computers â€” Coding with Qiskit S2E1,https://www.youtube.com/watch?v=R9FjVUIZeY8,1,Learning,Qiskit
Hate when this happens ğŸ˜¡ #shorts #mumbaikar #vadapav,https://www.youtube.com/watch?v=67j57Rg8Rzg,2,Entertainment,Be YouNick
Why Some Projects Use Multiple Programming Languages,https://www.youtube.com/watch?v=XJC5WB2Bwrc,1,Learning,Core Dumped
#3 IDAV/Data Analytics Unit-3 One Shot (most important topics)||  B.Tech 3rd yr || @brevilearning,https://www.youtube.com/watch?v=aYSKlKqMMdM,1,Learning,Brevi Learning
"CHEATING DEVELOPER vs Log n Engineer on Sqrt(x), Leetcode 69",https://www.youtube.com/watch?v=vuj9OnJaHnE,2,Entertainment,Greg Hogg
Beqarar Karke Hamen Yun Na Jaiye,https://music.youtube.com/watch?v=CRpJGltYhew,3,Music,Hemanta Mukherjee   - Topic
Top 5 best instrumental of BTS songs,https://www.youtube.com/watch?v=qz0x6xqQi5c,2,Entertainment,Sharingan Spotlight
"Lec-59: How to Create AVL tree | LL, RR, LR, RL Rotation in AVL | Data Structure",https://www.youtube.com/watch?v=vEZ3-bdPdUQ,1,Learning,Gate Smashers
ye kya hai ğŸ”¥ RRR edit ğŸ’¥#shorts #viral,https://www.youtube.com/watch?v=UeIFUcJqMvs,2,Entertainment,CRAZYY ZING
Tera Yu Jaana,https://music.youtube.com/watch?v=Rv1i4weodwI,3,Music,Krazy - Topic
L-3.10: Counting Sort | Easiest explanation with example,https://www.youtube.com/watch?v=mowMVn9wTnE,1,Learning,Gate Smashers
First Come First Served Scheduling (Solved Problem 2),https://www.youtube.com/watch?v=8-BUGte27sk,1,Learning,Neso Academy
"SBI Aadhaar UPI "" multiple account/aadhaar mapped to your mobile number"" problem solved.",https://www.youtube.com/watch?v=SII7L-nm-TU,5,News,Tech Pressure
Nahi Tutega Yeh Glass #ashusir #experiment #scienceandfun #funny #chemistry #shorts,https://www.youtube.com/watch?v=B6WIoH0nWZk,2,Entertainment,Science and fun
"SURMA SURMA: Guru Randhawa Feat. Jay Sean | Larissa Bonesi, Vee, DirectorGifty | Bhushan Kumar",https://www.youtube.com/watch?v=FW_3b5iPhIE,3,Music,T-Series
Mann Mera,https://music.youtube.com/watch?v=kxLkADIIFqg,3,Music,Gajendra Verma - Topic
#adiaava,https://www.youtube.com/watch?v=p0n9QOHb_9g,2,Entertainment,Divyam Edits
https://www.youtube.com/watch?v=hMPCp3S1uuM,https://www.youtube.com/watch?v=hMPCp3S1uuM,6,Others,Unknown
https://www.youtube.com/watch?v=3wlO4lpCHl8,https://www.youtube.com/watch?v=3wlO4lpCHl8,6,Others,Unknown
"LXNGVX, Warriyo - Mortals Funk Remix (Official Music)",https://www.youtube.com/watch?v=SbcFDIJxJRE,3,Music,LXNGVX
à¤¯à¥‡ à¤²à¤¡à¤¼à¤•à¤¾ à¤¬à¤¡à¤¼à¤¾ à¤¹à¥‹à¤•à¤° à¤¦à¥à¤¨à¤¿à¤¯à¤¾ à¤•à¤¾ à¤¸à¤¬à¤¸à¥‡ à¤®à¤¶à¤¹à¥‚à¤° à¤œà¤¾à¤¦à¥‚à¤—à¤° à¤¬à¤¨ à¤—à¤¯à¤¾ #shorts #viral,https://www.youtube.com/watch?v=FXOc5Wdmu4U,2,Entertainment,Kickoff Buster
"Duniya Yeah Jeet Gayi Dil  Haar Gayaã€Slowed Ã— Reverbã€‘Lofi Song,",https://www.youtube.com/watch?v=NapB6aGs108,3,Music,Babu__official _ Music
Nvidiaâ€™s AI Quantum Computer Is Coming â€“ And Itâ€™s A Game-Changer!,https://www.youtube.com/watch?v=ZatGE3f1Rl0,5,News,AI Uncovered
22 Machine Learning Projects That Will Make You A God At Data Science,https://www.youtube.com/watch?v=QlbyGPVaRSE,5,News,Infinite Codes
How An Autopsy Is Performed ğŸ˜¨ Surgeon Reacts,https://www.youtube.com/watch?v=lboliV490c8,2,Entertainment,Dr. Michael Gartner FACS Plastic Surgeon
A beginner's guide to quantum computing | Shohini Ghose,https://www.youtube.com/watch?v=QuR969uMICM,1,Learning,TED
Dard Hua X Nain Tere (Slowed + Reverb) - Shubh Ft Sonam Bajwa | Thorfinn,https://www.youtube.com/watch?v=YtpJJtAXT8c,3,Music,Thorfinn
How to Create and Deploy a Multi-Page Python Dashboard with Plotly Dash | Data Portfolio Project,https://www.youtube.com/watch?v=YU7bCEcsBK8,1,Learning,Harry's Data Journey
Pal Pal Dil Ke Paas- Title Track,https://music.youtube.com/watch?v=9PCaTHC2QKI,3,Music,Arijit Singh - Topic
Two Stack PDA || 2 Stack PDA for a^n b^n c^n || Theory of computation || TOC || FLAT,https://www.youtube.com/watch?v=ybHdDiynnYI,1,Learning,Sudhakar Atchala
Jaguar | Muzical Doctorz Sukhe Feat Bohemia | Latest Punjabi Songs | Speed Records,https://www.youtube.com/watch?v=i2GC06euEDE,3,Music,Speed Records
Cute Girl Confused Ghost Prank ğŸ˜… Don't Miss The End ğŸ¤« Credit - Rj Naved â˜ºï¸ #rjnaved #funny #respect,https://www.youtube.com/watch?v=QQtvDL1lgXY,2,Entertainment,Earth Oxygen99
Are You Using The Wrong Terminal Shell?,https://www.youtube.com/watch?v=PmqAfoH_7DI,1,Learning,Josean Martinez
what is a tty? (beginner - intermediate) anthony explains #022,https://www.youtube.com/watch?v=SYwbEcNrcjI,1,Learning,anthonywritescode
Backbone,https://music.youtube.com/watch?v=LLaxLaXx3y8,3,Music,Harrdy Sandhu - Topic
EWS Certificate Online Kaise Banaye 2025 | EWS Praman Patra Online Apply | EWS à¤ªà¥à¤°à¤®à¤¾à¤£ à¤ªà¤¤à¥à¤° à¤•à¥ˆà¤¸à¥‡ à¤¬à¤¨à¤¾à¤,https://www.youtube.com/watch?v=q8Favs_HWCA,5,News,DS HELPING FOREVER
SAKHIYAAN (Full Song) Maninder Buttar | MixSingh | Babbu | Punjabi Songs | Sakhiyan | Ishtar Punjabi,https://music.youtube.com/watch?v=S-ezhTXPVGU,3,Music,Ishtar Punjabi
Buried Alive: The Ant That Smelled Like Death ğŸ’€,https://www.youtube.com/watch?v=UckgI-nC_qg,2,Entertainment,8G Logics
Database Management System | UNIT-5 | ONE SHOT | DBMS | PYQ SOLVE | AKTU EXAMS | 3rd Year | BCS-501,https://www.youtube.com/watch?v=oR6IXFrJBEk,1,Learning,Multi Atoms Plus
Making Fake Blood using detergent and haldi Solution #experiment #shorts #science,https://www.youtube.com/watch?v=GPEVVc1lHkc,2,Entertainment,Stay With Science 
Pahin Ke Chali Bikini - Purav Jha ( Slowed + Reverb ) | Bhojpuri Hit Song | With chandan vibxz,https://www.youtube.com/watch?v=aXX_EYIOssU,3,Music,Chandan Vibxz
I Dont Remember Anymore,https://www.youtube.com/watch?v=X6SN9eM--O4,3,Music,The Muun Lofi
TAFL I UNIT-3 I One Shot Revision I Regular and Non-Regular Grammars I Theory of Automata I AKTU,https://www.youtube.com/watch?v=QIT-1SfvwaY,1,Learning,GateWay Classes
CALIFORNIA LOVE,https://music.youtube.com/watch?v=uwzdcOXNjFU,3,Music,Sanuz Agrawal - Topic
How does THAT ğŸ’€#physik  #viral  #fyp  #science  #space  #foryoupage #physics  #gyroscope,https://www.youtube.com/watch?v=lgM7ixG_DUA,2,Entertainment,ORBITRIX
How Long Can They Hold!?ğŸ¤¯ #gym #gymmotivation #strongman #eddiehall #strength #motivation,https://www.youtube.com/watch?v=w1s5ZWcuS4I,2,Entertainment,Bunja Determination
Chhalakata Hamro Jawaniya (slowed+reverb) | Bhojpuri song| Chandan Vibxz,https://www.youtube.com/watch?v=whd-5ZodMSY,3,Music,Chandan Vibxz
L-4.13 Interrupt Handling Mechanism | Interrupts | Part-2 | Computer Architecture | COA | CSA,https://www.youtube.com/watch?v=3hkV1NSHOHQ,1,Learning,Shanu Kuttan CSE Classes
ONE SHOT I UNIT- 2 Technical Communication I by Shiwani Ma'am I Gateway Classes I AKTU,https://www.youtube.com/watch?v=3eGk6bMwEY8,1,Learning,GateWay Classes
How to Make a 3rd Person Character in UE5,https://www.youtube.com/watch?v=Ymsabf0ZQuE,1,Learning,Evans Bohl
#anime gohan,https://www.youtube.com/watch?v=9mTsrnOJkB0,2,Entertainment,the_under_ground_artist
{ Mere Sahiba }ğŸ¥°............? #loveringtone #love #song #music #ringtone,https://www.youtube.com/watch?v=O7L-PEUPt7c,3,Music,LN RINGTONE
Genius Way to Fix Broken Plastic Parts! How to Solder a Bumper Yourself #diy #tips #skills #fix,https://www.youtube.com/watch?v=HWpjboDTtFQ,2,Entertainment,Simple Creative
ğ‘¨ ğ’‘ğ’ğ’‚ğ’šğ’ğ’Šğ’”ğ’• ğ’•ğ’ ğ’˜ğ’‚ğ’Œğ’† ğ’–ğ’‘ ğ’šğ’ğ’–ğ’“ ğ’Šğ’ğ’ğ’†ğ’“ ğ’…ğ’‚ğ’ğ’„ğ’†ğ’“ [ğ’‘ğ’‚ğ’“ğ’•-ğŸ] ğ–¹­.áŸ,https://www.youtube.com/watch?v=MTX1-iIr2_8,2,Entertainment,ğ‘ºğ’‰ğ’Šğ’‚ğ’˜ğ’‚ğ’”ğ’†â‹†Ëšà¿”
L-2.10: Recurrence Relation [T(n)= 3T(n/4) +cn^2] | Recursive Tree method | Algorithm,https://www.youtube.com/watch?v=zeVYepdQ9lY,1,Learning,Gate Smashers
TRUNK GLAND #shorts #noor_illahi_autos #carmodification #carshorts #dala #scrach #modified #girls,https://www.youtube.com/watch?v=WqxLHB85cGw,2,Entertainment,NOOR.ILLAHI-AUTOUS
L-4.10: Dijkstra's Algorithm - Single Source Shortest Path - Greedy Method,https://www.youtube.com/watch?v=Gd92jSu_cZk,1,Learning,Gate Smashers
Post-traitement PokÃ©mon taille rÃ©el #pokemon #3dprinting #impression3d #unboxing #3dprintable #gamin,https://www.youtube.com/watch?v=LJnq09netM4,2,Entertainment,Entroisdimensions
Ä°nternal Pressure Drop ğŸ˜±,https://www.youtube.com/watch?v=5QEyeXt5HUY,2,Entertainment,Net Science
Lele Aiha Sent Gamkaua Raja Ji - Slowed and Reverb,https://www.youtube.com/watch?v=MN-4XrcnW6A,3,Music,Bhojpuri Lo-fi Music
Top 5 Krishna Flute Theme Songs | Soulful Krishna Bansuri Music | Must Listen #explore,https://www.youtube.com/watch?v=wjgasH2uQlg,3,Music,CINECIPHER
Tu Jo Mileya,https://music.youtube.com/watch?v=1MMz9Z8Rf7M,3,Music,Juss - Topic
Raspberry pi complete setup with laptop fix all the setup issues | Most requested video,https://www.youtube.com/watch?v=xrvB0VVMynM,1,Learning,InvolveInInnovation
New Pan Card Apply Online 2024 | Pan Card Kaise Banaye | How to Apply Pan Card,https://www.youtube.com/watch?v=7YifptEWUG4,5,News,Sarkari DNA
Ex- 7.5 Q- 5 to Q- 8 || Commercial Mathematics  class 8 | maths spark class 8 Solution #Maths #intro,https://www.youtube.com/watch?v=UPnfVrP-wk4,1,Learning,Make Math Easy With Aman
Coding | Stand-Up Comedy by Mohd Suhel,https://www.youtube.com/watch?v=Q9OW4iaQl-k,2,Entertainment,Mohd Suhel
Magic | Coke Studio Bharat,https://music.youtube.com/watch?v=0c65c2rDAo0,3,Music,Diljit Dosanjh - Topic
TERE BINA JEENA SAZA HO GAYA (Official Music) ROOH | New Punjabi Song 2022,https://www.youtube.com/watch?v=5aJQIpAMqv4,3,Music,CTL LYRICS - SIO
"Sahiba (Official Music Video) : Aditya Rikhari, Ankita Chhetri | T-Series",https://www.youtube.com/watch?v=n2dVFdqMYGA,3,Music,T-Series
others Trying the Challenge vs this man #trollface #edit #troll #unitedstates,https://www.youtube.com/watch?v=lh-BA0D087I,2,Entertainment,Simba_17 
Lecture-4 I Unit-1 I DAA I Design and Analysis of Algorithm I Nidhi Parashar Ma'am I Gateway Classes,https://www.youtube.com/watch?v=fUrNP_VR2G0,1,Learning,GateWay Classes
Universal Human Values (UHV) Unit :-2 One Shot Video Full Explanation AKTU BVE301/401 B.Tech 2nd Yr!,https://www.youtube.com/watch?v=rjyhhUyUvsg,1,Learning,I Tech World (AKTU)
Bash Scripting Tutorial for Beginners,https://www.youtube.com/watch?v=tK9Oc6AEnR4,1,Learning,freeCodeCamp.org
Lec-7: 3D Arrays | Addressing in 3D Arrays | Row Major Order,https://www.youtube.com/watch?v=mzfhcfa0Ra0,1,Learning,Gate Smashers
The Ultimate Hoodie,https://www.youtube.com/watch?v=hxgGllDxfBs,5,News,Wisemind
Abstract Liquid Background Video (No Sound) â€” 4K UHD Abstract Liquid Screensaver 9 Hours,https://www.youtube.com/watch?v=hOgVAYpHPCc,2,Entertainment,Ambient Escape
Trapped Overnight with a Professional Killer | Not Safe For Work (2013)#movie #film #recap,https://www.youtube.com/watch?v=6_GvFE1rI50,2,Entertainment,FLICKSFYP
Quantum Secure Hash Functions,https://www.youtube.com/watch?v=byvSXdcoB_U,1,Learning,Quantum Data World
DSD/Digital Electronics I UNIT-1 I ONE SHOT I by Abhilasha Ma'am I Gateway Classes I AKTU,https://www.youtube.com/watch?v=pfurIajUHsM,1,Learning,GateWay Classes
Realme C65 5g Frp Unlock 2024 | Android 14 | Realme Frp New Method | (Rmx3997) Frp Bypass Without Pc,https://www.youtube.com/watch?v=0YHAVRhiJcw,5,News,BK SMART POINT
UNIT-4 I ONE SHOT Revision I DBMS I Transaction Processing Concept I  Gateway Classes I AKTU,https://www.youtube.com/watch?v=G-rmsqWNOf8,1,Learning,GateWay Classes
"Hawayein Lyrical Video - Jab Harry Met Sejal | Shah Rukh Khan, Anushka | Arijit Singh | Pritam",https://www.youtube.com/watch?v=cYOB941gyXI,3,Music,SonyMusicIndiaVEVO
#iitbaba #iitianbaba #abhaysingh #abhay  #prayagraj #kumbh #iitwalebaba #banglore #exam #viralshorts,https://www.youtube.com/watch?v=VusHsPJaOu4,5,News,Sbchandan
"All-Natural Hormone Hacks for Muscle Growth & Fat Loss: T, HGH, Cortisol, IGF-1, Insulin, T3 & More!",https://www.youtube.com/watch?v=dfnQatJ1C4A,2,Entertainment,Dr. Gains
6.3 Chomsky Hierarchy | Identification of Grammar | Theory of Computation | Automata Theory,https://www.youtube.com/watch?v=s8RJPQv5bo8,1,Learning,KnowledgeGATE by Sanchit Sir
"Tere_Hawaale_(Slowed+reverb)_Laal_Singh_Chaddha_|_Aamir,_Kareena_|_Arijit,_Shilpa_|_Pritam,_Amitabh",https://www.youtube.com/watch?v=MB-1x42CRRI,3,Music,slow down
